index	name	basename	parent	suffix	offset	size	first_chunk	last_chunk	chunk_count
0	Resources/unity_default_resources	unity_default_resources	Resources		8486	3538520	1	1	1
1	Managed/mono/4.0/machine.config	machine.config	Managed/mono/4.0	.config	3547006	33648	1	1	1
2	Il2CppData/Metadata/global-metadata.dat	global-metadata.dat	Il2CppData/Metadata	.dat	3580654	6125016	1	3	3
3	boot.config	boot.config	.	.config	9705670	49	3	3	1
4	data.unity3d	data.unity3d	.	.unity3d	9705719	583132840	3	142	140
5	resources.resource	resources.resource	.	.resource	592838559	8451111	142	144	3
6	RuntimeInitializeOnLoads.json	RuntimeInitializeOnLoads.json	.	.json	601289670	1049	144	144	1
7	ScriptingAssemblies.json	ScriptingAssemblies.json	.	.json	601290719	2580	144	144	1
8	sharedassets0.resource	sharedassets0.resource	.	.resource	601293299	71079	144	144	1
9	sharedassets1.resource	sharedassets1.resource	.	.resource	601364378	6121134	144	145	2
10	sharedassets10.resource	sharedassets10.resource	.	.resource	607485512	1281294	145	146	2
11	sharedassets101.resource	sharedassets101.resource	.	.resource	608766806	42520	146	146	1
12	sharedassets102.resource	sharedassets102.resource	.	.resource	608809326	3502344	146	146	1
13	sharedassets105.resource	sharedassets105.resource	.	.resource	612311670	5163844	146	148	3
14	sharedassets108.resource	sharedassets108.resource	.	.resource	617475514	13672	148	148	1
15	sharedassets109.resource	sharedassets109.resource	.	.resource	617489186	30676	148	148	1
16	sharedassets113.resource	sharedassets113.resource	.	.resource	617519862	48311	148	148	1
17	sharedassets115.resource	sharedassets115.resource	.	.resource	617568173	79410	148	148	1
18	sharedassets118.resource	sharedassets118.resource	.	.resource	617647583	408847	148	148	1
19	sharedassets12.resource	sharedassets12.resource	.	.resource	618056430	228969	148	148	1
20	sharedassets124.resource	sharedassets124.resource	.	.resource	618285399	419852	148	148	1
21	sharedassets126.resource	sharedassets126.resource	.	.resource	618705251	615757	148	148	1
22	sharedassets127.resource	sharedassets127.resource	.	.resource	619321008	4276957	148	149	2
23	sharedassets128.resource	sharedassets128.resource	.	.resource	623597965	254942	149	149	1
24	sharedassets13.resource	sharedassets13.resource	.	.resource	623852907	889930	149	149	1
25	sharedassets130.resource	sharedassets130.resource	.	.resource	624742837	19657	149	149	1
26	sharedassets133.resource	sharedassets133.resource	.	.resource	624762494	2899124	149	150	2
27	sharedassets135.resource	sharedassets135.resource	.	.resource	627661618	19813	150	150	1
28	sharedassets137.resource	sharedassets137.resource	.	.resource	627681431	247175	150	150	1
29	sharedassets138.resource	sharedassets138.resource	.	.resource	627928606	55915	150	150	1
30	sharedassets139.resource	sharedassets139.resource	.	.resource	627984521	80035	150	150	1
31	sharedassets14.resource	sharedassets14.resource	.	.resource	628064556	2082679	150	151	2
32	sharedassets140.resource	sharedassets140.resource	.	.resource	630147235	111444	151	151	1
33	sharedassets143.resource	sharedassets143.resource	.	.resource	630258679	51093	151	151	1
34	sharedassets148.resource	sharedassets148.resource	.	.resource	630309772	207604	151	151	1
35	sharedassets149.resource	sharedassets149.resource	.	.resource	630517376	131246	151	151	1
36	sharedassets15.resource	sharedassets15.resource	.	.resource	630648622	7075	151	151	1
37	sharedassets151.resource	sharedassets151.resource	.	.resource	630655697	3509360	151	152	2
38	sharedassets152.resource	sharedassets152.resource	.	.resource	634165057	10411	152	152	1
39	sharedassets156.resource	sharedassets156.resource	.	.resource	634175468	38502	152	152	1
40	sharedassets16.resource	sharedassets16.resource	.	.resource	634213970	1012842	152	152	1
41	sharedassets161.resource	sharedassets161.resource	.	.resource	635226812	2212188	152	152	1
42	sharedassets164.resource	sharedassets164.resource	.	.resource	637439000	58736	152	152	1
43	sharedassets167.resource	sharedassets167.resource	.	.resource	637497736	6415890	152	154	3
44	sharedassets168.resource	sharedassets168.resource	.	.resource	643913626	128516	154	154	1
45	sharedassets169.resource	sharedassets169.resource	.	.resource	644042142	68989	154	154	1
46	sharedassets17.resource	sharedassets17.resource	.	.resource	644111131	49854	154	154	1
47	sharedassets171.resource	sharedassets171.resource	.	.resource	644160985	83270	154	154	1
48	sharedassets173.resource	sharedassets173.resource	.	.resource	644244255	52592	154	154	1
49	sharedassets176.resource	sharedassets176.resource	.	.resource	644296847	87101	154	154	1
50	sharedassets178.resource	sharedassets178.resource	.	.resource	644383948	36696	154	154	1
51	sharedassets179.resource	sharedassets179.resource	.	.resource	644420644	11274	154	154	1
52	sharedassets18.resource	sharedassets18.resource	.	.resource	644431918	15513	154	154	1
53	sharedassets180.resource	sharedassets180.resource	.	.resource	644447431	1240446	154	154	1
54	sharedassets186.resource	sharedassets186.resource	.	.resource	645687877	54888	154	154	1
55	sharedassets187.resource	sharedassets187.resource	.	.resource	645742765	217780	154	155	2
56	sharedassets188.resource	sharedassets188.resource	.	.resource	645960545	173772	155	155	1
57	sharedassets189.resource	sharedassets189.resource	.	.resource	646134317	482733	155	155	1
58	sharedassets19.resource	sharedassets19.resource	.	.resource	646617050	8004130	155	157	3
59	sharedassets192.resource	sharedassets192.resource	.	.resource	654621180	21912	157	157	1
60	sharedassets194.resource	sharedassets194.resource	.	.resource	654643092	502262	157	157	1
61	sharedassets196.resource	sharedassets196.resource	.	.resource	655145354	265381	157	157	1
62	sharedassets197.resource	sharedassets197.resource	.	.resource	655410735	1863755	157	157	1
63	sharedassets20.resource	sharedassets20.resource	.	.resource	657274490	192680	157	157	1
64	sharedassets203.resource	sharedassets203.resource	.	.resource	657467170	14902	157	157	1
65	sharedassets208.resource	sharedassets208.resource	.	.resource	657482072	41616	157	157	1
66	sharedassets209.resource	sharedassets209.resource	.	.resource	657523688	128876	157	157	1
67	sharedassets21.resource	sharedassets21.resource	.	.resource	657652564	750846	157	157	1
68	sharedassets218.resource	sharedassets218.resource	.	.resource	658403410	126934	157	158	2
69	sharedassets219.resource	sharedassets219.resource	.	.resource	658530344	204589	158	158	1
70	sharedassets22.resource	sharedassets22.resource	.	.resource	658734933	375063	158	158	1
71	sharedassets221.resource	sharedassets221.resource	.	.resource	659109996	136044	158	158	1
72	sharedassets225.resource	sharedassets225.resource	.	.resource	659246040	785320	158	158	1
73	sharedassets227.resource	sharedassets227.resource	.	.resource	660031360	341972	158	158	1
74	sharedassets228.resource	sharedassets228.resource	.	.resource	660373332	118726	158	158	1
75	sharedassets229.resource	sharedassets229.resource	.	.resource	660492058	244533	158	158	1
76	sharedassets23.resource	sharedassets23.resource	.	.resource	660736591	1184640	158	158	1
77	sharedassets235.resource	sharedassets235.resource	.	.resource	661921231	907724	158	159	2
78	sharedassets236.resource	sharedassets236.resource	.	.resource	662828955	437488	159	159	1
79	sharedassets237.resource	sharedassets237.resource	.	.resource	663266443	1437416	159	159	1
80	sharedassets238.resource	sharedassets238.resource	.	.resource	664703859	160768	159	159	1
81	sharedassets240.resource	sharedassets240.resource	.	.resource	664864627	248442	159	159	1
82	sharedassets242.resource	sharedassets242.resource	.	.resource	665113069	361710	159	159	1
83	sharedassets243.resource	sharedassets243.resource	.	.resource	665474779	23377	159	159	1
84	sharedassets245.resource	sharedassets245.resource	.	.resource	665498156	238116	159	159	1
85	sharedassets248.resource	sharedassets248.resource	.	.resource	665736272	3509246	159	160	2
86	sharedassets249.resource	sharedassets249.resource	.	.resource	669245518	94813	160	160	1
87	sharedassets251.resource	sharedassets251.resource	.	.resource	669340331	7635	160	160	1
88	sharedassets252.resource	sharedassets252.resource	.	.resource	669347966	73985	160	160	1
89	sharedassets259.resource	sharedassets259.resource	.	.resource	669421951	22791	160	160	1
90	sharedassets261.resource	sharedassets261.resource	.	.resource	669444742	77717	160	160	1
91	sharedassets262.resource	sharedassets262.resource	.	.resource	669522459	36730	160	160	1
92	sharedassets264.resource	sharedassets264.resource	.	.resource	669559189	22560	160	160	1
93	sharedassets27.resource	sharedassets27.resource	.	.resource	669581749	2083430	160	161	2
94	sharedassets270.resource	sharedassets270.resource	.	.resource	671665179	32093	161	161	1
95	sharedassets273.resource	sharedassets273.resource	.	.resource	671697272	140620	161	161	1
96	sharedassets278.resource	sharedassets278.resource	.	.resource	671837892	1539086	161	161	1
97	sharedassets279.resource	sharedassets279.resource	.	.resource	673376978	19080	161	161	1
98	sharedassets28.resource	sharedassets28.resource	.	.resource	673396058	278193	161	161	1
99	sharedassets280.resource	sharedassets280.resource	.	.resource	673674251	53446	161	161	1
100	sharedassets283.resource	sharedassets283.resource	.	.resource	673727697	78705	161	161	1
101	sharedassets286.resource	sharedassets286.resource	.	.resource	673806402	66968	161	161	1
102	sharedassets29.resource	sharedassets29.resource	.	.resource	673873370	194815	161	161	1
103	sharedassets290.resource	sharedassets290.resource	.	.resource	674068185	868082	161	161	1
104	sharedassets291.resource	sharedassets291.resource	.	.resource	674936267	30812	161	161	1
105	sharedassets292.resource	sharedassets292.resource	.	.resource	674967079	71026	161	161	1
106	sharedassets297.resource	sharedassets297.resource	.	.resource	675038105	20869	161	161	1
107	sharedassets298.resource	sharedassets298.resource	.	.resource	675058974	116046	161	161	1
108	sharedassets299.resource	sharedassets299.resource	.	.resource	675175020	306985	161	162	2
109	sharedassets30.resource	sharedassets30.resource	.	.resource	675482005	597727	162	162	1
110	sharedassets304.resource	sharedassets304.resource	.	.resource	676079732	802421	162	162	1
111	sharedassets305.resource	sharedassets305.resource	.	.resource	676882153	66170	162	162	1
112	sharedassets306.resource	sharedassets306.resource	.	.resource	676948323	72955	162	162	1
113	sharedassets308.resource	sharedassets308.resource	.	.resource	677021278	1571398	162	162	1
114	sharedassets309.resource	sharedassets309.resource	.	.resource	678592676	399163	162	162	1
115	sharedassets31.resource	sharedassets31.resource	.	.resource	678991839	702581	162	163	2
116	sharedassets314.resource	sharedassets314.resource	.	.resource	679694420	155733	163	163	1
117	sharedassets316.resource	sharedassets316.resource	.	.resource	679850153	14360	163	163	1
118	sharedassets32.resource	sharedassets32.resource	.	.resource	679864513	4078748	163	164	2
119	sharedassets324.resource	sharedassets324.resource	.	.resource	683943261	76135	164	164	1
120	sharedassets325.resource	sharedassets325.resource	.	.resource	684019396	30854	164	164	1
121	sharedassets326.resource	sharedassets326.resource	.	.resource	684050250	121421	164	164	1
122	sharedassets33.resource	sharedassets33.resource	.	.resource	684171671	927664	164	164	1
123	sharedassets334.resource	sharedassets334.resource	.	.resource	685099335	311649	164	164	1
124	sharedassets336.resource	sharedassets336.resource	.	.resource	685410984	57608	164	164	1
125	sharedassets337.resource	sharedassets337.resource	.	.resource	685468592	74607	164	164	1
126	sharedassets34.resource	sharedassets34.resource	.	.resource	685543199	989917	164	164	1
127	sharedassets341.resource	sharedassets341.resource	.	.resource	686533116	9781	164	164	1
128	sharedassets343.resource	sharedassets343.resource	.	.resource	686542897	1243210	164	164	1
129	sharedassets344.resource	sharedassets344.resource	.	.resource	687786107	23692	164	164	1
130	sharedassets347.resource	sharedassets347.resource	.	.resource	687809799	93697	164	165	2
131	sharedassets348.resource	sharedassets348.resource	.	.resource	687903496	1590521	165	165	1
132	sharedassets349.resource	sharedassets349.resource	.	.resource	689494017	151830	165	165	1
133	sharedassets35.resource	sharedassets35.resource	.	.resource	689645847	64020	165	165	1
134	sharedassets350.resource	sharedassets350.resource	.	.resource	689709867	298451	165	165	1
135	sharedassets351.resource	sharedassets351.resource	.	.resource	690008318	334883	165	165	1
136	sharedassets354.resource	sharedassets354.resource	.	.resource	690343201	308148	165	165	1
137	sharedassets355.resource	sharedassets355.resource	.	.resource	690651349	2037721	165	166	2
138	sharedassets36.resource	sharedassets36.resource	.	.resource	692689070	5571395	166	167	2
139	sharedassets361.resource	sharedassets361.resource	.	.resource	698260465	396423	167	167	1
140	sharedassets364.resource	sharedassets364.resource	.	.resource	698656888	497593	167	167	1
141	sharedassets365.resource	sharedassets365.resource	.	.resource	699154481	2999053	167	168	2
142	sharedassets366.resource	sharedassets366.resource	.	.resource	702153534	46135	168	168	1
143	sharedassets367.resource	sharedassets367.resource	.	.resource	702199669	809932	168	168	1
144	sharedassets368.resource	sharedassets368.resource	.	.resource	703009601	102521	168	168	1
145	sharedassets37.resource	sharedassets37.resource	.	.resource	703112122	521308	168	168	1
146	sharedassets371.resource	sharedassets371.resource	.	.resource	703633430	10179	168	168	1
147	sharedassets373.resource	sharedassets373.resource	.	.resource	703643609	501943	168	168	1
148	sharedassets380.resource	sharedassets380.resource	.	.resource	704145552	2244002	168	169	2
149	sharedassets383.resource	sharedassets383.resource	.	.resource	706389554	97937	169	169	1
150	sharedassets384.resource	sharedassets384.resource	.	.resource	706487491	815233	169	169	1
151	sharedassets386.resource	sharedassets386.resource	.	.resource	707302724	28657	169	169	1
152	sharedassets389.resource	sharedassets389.resource	.	.resource	707331381	1335974	169	169	1
153	sharedassets39.resource	sharedassets39.resource	.	.resource	708667355	179098	169	170	2
154	sharedassets390.resource	sharedassets390.resource	.	.resource	708846453	564892	170	170	1
155	sharedassets391.resource	sharedassets391.resource	.	.resource	709411345	356778	170	170	1
156	sharedassets392.resource	sharedassets392.resource	.	.resource	709768123	1922543	170	170	1
157	sharedassets393.resource	sharedassets393.resource	.	.resource	711690666	2424908	170	171	2
158	sharedassets394.resource	sharedassets394.resource	.	.resource	714115574	3227893	171	172	2
159	sharedassets395.resource	sharedassets395.resource	.	.resource	717343467	58496	172	172	1
160	sharedassets398.resource	sharedassets398.resource	.	.resource	717401963	1940774	172	172	1
161	sharedassets399.resource	sharedassets399.resource	.	.resource	719342737	2171026	172	173	2
162	sharedassets40.resource	sharedassets40.resource	.	.resource	721513763	1847349	173	173	1
163	sharedassets400.resource	sharedassets400.resource	.	.resource	723361112	3109011	173	174	2
164	sharedassets403.resource	sharedassets403.resource	.	.resource	726470123	112818	174	174	1
165	sharedassets406.resource	sharedassets406.resource	.	.resource	726582941	40855	174	174	1
166	sharedassets407.resource	sharedassets407.resource	.	.resource	726623796	2348352	174	174	1
167	sharedassets408.resource	sharedassets408.resource	.	.resource	728972148	1236222	174	175	2
168	sharedassets409.resource	sharedassets409.resource	.	.resource	730208370	1526754	175	175	1
169	sharedassets410.resource	sharedassets410.resource	.	.resource	731735124	7726502	175	177	3
170	sharedassets411.resource	sharedassets411.resource	.	.resource	739461626	8590629	177	179	3
171	sharedassets412.resource	sharedassets412.resource	.	.resource	748052255	16820278	179	183	5
172	sharedassets413.resource	sharedassets413.resource	.	.resource	764872533	13045224	183	186	4
173	sharedassets414.resource	sharedassets414.resource	.	.resource	777917757	18126345	186	190	5
174	sharedassets416.resource	sharedassets416.resource	.	.resource	796044102	4658443	190	191	2
175	sharedassets423.resource	sharedassets423.resource	.	.resource	800702545	137861	191	191	1
176	sharedassets424.resource	sharedassets424.resource	.	.resource	800840406	1630458	191	192	2
177	sharedassets425.resource	sharedassets425.resource	.	.resource	802470864	4976933	192	193	2
178	sharedassets427.resource	sharedassets427.resource	.	.resource	807447797	720429	193	193	1
179	sharedassets428.resource	sharedassets428.resource	.	.resource	808168226	1169722	193	193	1
180	sharedassets43.resource	sharedassets43.resource	.	.resource	809337948	212723	193	194	2
181	sharedassets447.resource	sharedassets447.resource	.	.resource	809550671	1282127	194	194	1
182	sharedassets45.resource	sharedassets45.resource	.	.resource	810832798	44518	194	194	1
183	sharedassets451.resource	sharedassets451.resource	.	.resource	810877316	300196	194	194	1
184	sharedassets452.resource	sharedassets452.resource	.	.resource	811177512	1073881	194	194	1
185	sharedassets454.resource	sharedassets454.resource	.	.resource	812251393	175119	194	194	1
186	sharedassets457.resource	sharedassets457.resource	.	.resource	812426512	111767	194	194	1
187	sharedassets458.resource	sharedassets458.resource	.	.resource	812538279	233490	194	194	1
188	sharedassets459.resource	sharedassets459.resource	.	.resource	812771769	1256819	194	195	2
189	sharedassets46.resource	sharedassets46.resource	.	.resource	814028588	111639	195	195	1
190	sharedassets460.resource	sharedassets460.resource	.	.resource	814140227	224789	195	195	1
191	sharedassets470.resource	sharedassets470.resource	.	.resource	814365016	587738	195	195	1
192	sharedassets471.resource	sharedassets471.resource	.	.resource	814952754	235114	195	195	1
193	sharedassets472.resource	sharedassets472.resource	.	.resource	815187868	168776	195	195	1
194	sharedassets473.resource	sharedassets473.resource	.	.resource	815356644	319243	195	195	1
195	sharedassets474.resource	sharedassets474.resource	.	.resource	815675887	96243	195	195	1
196	sharedassets475.resource	sharedassets475.resource	.	.resource	815772130	265500	195	195	1
197	sharedassets477.resource	sharedassets477.resource	.	.resource	816037630	20234	195	195	1
198	sharedassets48.resource	sharedassets48.resource	.	.resource	816057864	2555559	195	196	2
199	sharedassets480.resource	sharedassets480.resource	.	.resource	818613423	40530	196	196	1
200	sharedassets481.resource	sharedassets481.resource	.	.resource	818653953	1602947	196	196	1
201	sharedassets482.resource	sharedassets482.resource	.	.resource	820256900	243184	196	196	1
202	sharedassets485.resource	sharedassets485.resource	.	.resource	820500084	86940	196	196	1
203	sharedassets486.resource	sharedassets486.resource	.	.resource	820587024	11330	196	196	1
204	sharedassets49.resource	sharedassets49.resource	.	.resource	820598354	606406	196	196	1
205	sharedassets5.resource	sharedassets5.resource	.	.resource	821204760	17016947	196	200	5
206	sharedassets50.resource	sharedassets50.resource	.	.resource	838221707	183014	200	200	1
207	sharedassets500.resource	sharedassets500.resource	.	.resource	838404721	67201	200	200	1
208	sharedassets51.resource	sharedassets51.resource	.	.resource	838471922	27290	200	200	1
209	sharedassets53.resource	sharedassets53.resource	.	.resource	838499212	6644	200	200	1
210	sharedassets56.resource	sharedassets56.resource	.	.resource	838505856	43977	200	200	1
211	sharedassets57.resource	sharedassets57.resource	.	.resource	838549833	110966	200	200	1
212	sharedassets58.resource	sharedassets58.resource	.	.resource	838660799	100595	200	200	1
213	sharedassets6.resource	sharedassets6.resource	.	.resource	838761394	2937133	200	201	2
214	sharedassets62.resource	sharedassets62.resource	.	.resource	841698527	465680	201	201	1
215	sharedassets64.resource	sharedassets64.resource	.	.resource	842164207	621871	201	201	1
216	sharedassets68.resource	sharedassets68.resource	.	.resource	842786078	917787	201	202	2
217	sharedassets7.resource	sharedassets7.resource	.	.resource	843703865	3963373	202	203	2
218	sharedassets73.resource	sharedassets73.resource	.	.resource	847667238	471956	203	203	1
219	sharedassets76.resource	sharedassets76.resource	.	.resource	848139194	215146	203	203	1
220	sharedassets77.resource	sharedassets77.resource	.	.resource	848354340	41457	203	203	1
221	sharedassets79.resource	sharedassets79.resource	.	.resource	848395797	66076	203	203	1
222	sharedassets8.resource	sharedassets8.resource	.	.resource	848461873	998526	203	203	1
223	sharedassets81.resource	sharedassets81.resource	.	.resource	849460399	425023	203	203	1
224	sharedassets82.resource	sharedassets82.resource	.	.resource	849885422	36942	203	203	1
225	sharedassets83.resource	sharedassets83.resource	.	.resource	849922364	11628692	203	206	4
226	sharedassets84.resource	sharedassets84.resource	.	.resource	861551056	383115	206	206	1
227	sharedassets85.resource	sharedassets85.resource	.	.resource	861934171	555038	206	206	1
228	sharedassets86.resource	sharedassets86.resource	.	.resource	862489209	55225	206	206	1
229	sharedassets87.resource	sharedassets87.resource	.	.resource	862544434	998829	206	206	1
230	sharedassets88.resource	sharedassets88.resource	.	.resource	863543263	179966	206	206	1
231	sharedassets9.resource	sharedassets9.resource	.	.resource	863723229	558987	206	207	2
232	sharedassets90.resource	sharedassets90.resource	.	.resource	864282216	55708	207	207	1
233	sharedassets91.resource	sharedassets91.resource	.	.resource	864337924	23885	207	207	1
234	sharedassets92.resource	sharedassets92.resource	.	.resource	864361809	264889	207	207	1
235	sharedassets93.resource	sharedassets93.resource	.	.resource	864626698	53020	207	207	1
236	sharedassets99.resource	sharedassets99.resource	.	.resource	864679718	4333171	207	208	2
